{"step": 2648064, "epoch": 1292, "step/actor_loss": 1355.5830078125, "step/critic_loss": 121953.07442016601, "step/learning_episode_rewards": -32991.0282409668, "epoch/actor_loss": 1355.5830078125, "epoch/critic_loss": 121953.07442016601, "epoch/learning_episode_rewards": -32991.0282409668, "_timestamp": 1721245247.0712285, "_runtime": 634.5213603973389, "_step": 1312, "step/episode_rewards": -2059817.2011108398, "epoch/episode_rewards": -2059817.2011108398, "_wandb": {"runtime": 634}}