{"step": 194560, "epoch": 94, "step/actor_loss": 2355.177001953125, "step/critic_loss": 4726211155.210526, "step/learning_episode_rewards": -76034.59789910568, "epoch/actor_loss": 2355.177001953125, "epoch/critic_loss": 4726211155.210526, "epoch/learning_episode_rewards": -76034.59789910568, "_timestamp": 1721159924.3605502, "_runtime": 49.258177280426025, "_step": 97, "step/episode_rewards": -2384947.9826660156, "epoch/episode_rewards": -2384947.9826660156, "_wandb": {"runtime": 49}}