{"step": 2048000, "epoch": 999, "step/actor_loss": 1527.5555419921875, "step/critic_loss": 3057100.1446383665, "step/learning_episode_rewards": -37055.410332946776, "epoch/actor_loss": 1527.5555419921875, "epoch/critic_loss": 3057100.1446383665, "epoch/learning_episode_rewards": -37055.410332946776, "_timestamp": 1721078901.1439219, "_runtime": 435.76816177368164, "_step": 1031, "step/episode_rewards": -1142793.582397461, "epoch/episode_rewards": -1142793.582397461, "_wandb": {"runtime": 435}}