{"step": 1761280, "epoch": 859, "step/actor_loss": 1795.0379638671875, "step/critic_loss": 56419301.51481934, "step/learning_episode_rewards": -44267.101263427736, "epoch/actor_loss": 1795.0379638671875, "epoch/critic_loss": 56419301.51481934, "epoch/learning_episode_rewards": -44267.101263427736, "_timestamp": 1721249169.9019952, "_runtime": 407.5702791213989, "_step": 872, "step/episode_rewards": -2823468.842895508, "epoch/episode_rewards": -2823468.842895508, "_wandb": {"runtime": 407}}