{"step": 1820672, "epoch": 888, "step/actor_loss": 1505.77099609375, "step/critic_loss": 4615663.4410766605, "step/learning_episode_rewards": -36942.88113708496, "epoch/actor_loss": 1505.77099609375, "epoch/critic_loss": 4615663.4410766605, "epoch/learning_episode_rewards": -36942.88113708496, "_timestamp": 1721235133.3647919, "_runtime": 418.33894395828247, "_step": 916, "step/episode_rewards": -1161393.767150879, "epoch/episode_rewards": -1161393.767150879}