{"step": 753664, "epoch": 367, "step/actor_loss": 2318.15576171875, "step/critic_loss": 434246059.9056152, "step/learning_episode_rewards": -66283.86899414062, "epoch/actor_loss": 2318.15576171875, "epoch/critic_loss": 434246059.9056152, "epoch/learning_episode_rewards": -66283.86899414062, "_timestamp": 1721158466.734582, "_runtime": 175.37663888931274, "_step": 378, "step/episode_rewards": -2083457.9482421875, "epoch/episode_rewards": -2083457.9482421875, "_wandb": {"runtime": 175}}