{"step": 923648, "epoch": 450, "step/actor_loss": 8460.755859375, "step/critic_loss": 28283415874.975197, "step/learning_episode_rewards": -238347.84098937988, "epoch/actor_loss": 8460.755859375, "epoch/critic_loss": 28283415874.975197, "epoch/learning_episode_rewards": -238347.84098937988, "_timestamp": 1721072747.4082148, "_runtime": 197.57606077194214, "_step": 464, "step/episode_rewards": -7081583.108703613, "epoch/episode_rewards": -7081583.108703613, "_wandb": {"runtime": 197}}