{"step": 280576, "epoch": 136, "step/actor_loss": 2065.72802734375, "step/critic_loss": 3031426514.005, "step/learning_episode_rewards": -66392.35618652344, "epoch/actor_loss": 2065.72802734375, "epoch/critic_loss": 3031426514.005, "epoch/learning_episode_rewards": -66392.35618652344, "_timestamp": 1721159863.270277, "_runtime": 70.41405391693115, "_step": 140, "step/episode_rewards": -2090636.3614501953, "epoch/episode_rewards": -2090636.3614501953, "_wandb": {"runtime": 70}}