{"step": 1318912, "epoch": 643, "step/actor_loss": 1279.52001953125, "step/critic_loss": 49761.86020055771, "step/rewards": -31084.553524780273, "epoch/actor_loss": 1279.52001953125, "epoch/critic_loss": 49761.86020055771, "epoch/rewards": -31084.553524780273, "_timestamp": 1721072503.894732, "_runtime": 278.31210708618164, "_step": 663, "step/episode_rewards": -970979.1749267578, "epoch/episode_rewards": -970979.1749267578, "_wandb": {"runtime": 278}}