{"step": 2920448, "epoch": 1425, "step/actor_loss": 3755.05517578125, "step/critic_loss": 168670496.4421875, "step/learning_episode_rewards": -91789.35020751953, "epoch/actor_loss": 3755.05517578125, "epoch/critic_loss": 168670496.4421875, "epoch/learning_episode_rewards": -91789.35020751953, "_timestamp": 1721246870.9307377, "_runtime": 675.9737136363983, "_step": 1447, "step/episode_rewards": -5676071.912353516, "epoch/episode_rewards": -5676071.912353516}