{"step": 1533952, "epoch": 748, "step/actor_loss": 3781.388427734375, "step/critic_loss": 415990762.17210937, "step/learning_episode_rewards": -91912.88423339844, "epoch/actor_loss": 3781.388427734375, "epoch/critic_loss": 415990762.17210937, "epoch/learning_episode_rewards": -91912.88423339844, "_timestamp": 1721144588.0636623, "_runtime": 378.4258291721344, "_step": 772, "step/episode_rewards": -2879586.307373047, "epoch/episode_rewards": -2879586.307373047}