{"step": 204800, "epoch": 99, "step/actor_loss": 1287.0538330078125, "step/critic_loss": 1122473196.0975, "step/learning_episode_rewards": -41496.04897338867, "epoch/actor_loss": 1287.0538330078125, "epoch/critic_loss": 1122473196.0975, "epoch/learning_episode_rewards": -41496.04897338867, "_timestamp": 1721159671.5625196, "_runtime": 55.65025544166565, "_step": 102, "step/episode_rewards": -1278625.4362792969, "epoch/episode_rewards": -1278625.4362792969, "_wandb": {"runtime": 55}}