{"step": 1089536, "epoch": 531, "step/actor_loss": 3640.030517578125, "step/critic_loss": 57601655.57421875, "step/learning_episode_rewards": -93508.38077392578, "epoch/actor_loss": 3640.030517578125, "epoch/critic_loss": 57601655.57421875, "epoch/learning_episode_rewards": -93508.38077392578, "_timestamp": 1721237923.448775, "_runtime": 253.90118312835693, "_step": 548, "step/episode_rewards": -2913359.2696533203, "epoch/episode_rewards": -2913359.2696533203}