{"step": 878592, "epoch": 428, "step/actor_loss": 7776.09375, "step/critic_loss": 30635325428.413994, "step/learning_episode_rewards": -221032.08096557617, "epoch/actor_loss": 7776.09375, "epoch/critic_loss": 30635325428.413994, "epoch/learning_episode_rewards": -221032.08096557617, "_timestamp": 1721077795.0149903, "_runtime": 222.75685024261475, "_step": 441, "step/episode_rewards": -7032505.606567383, "epoch/episode_rewards": -7032505.606567383, "_wandb": {"runtime": 222}}