{"step": 2048000, "epoch": 999, "step/actor_loss": 1245.857666015625, "step/critic_loss": 28257.91157761097, "step/learning_episode_rewards": -30264.816365966795, "epoch/actor_loss": 1245.857666015625, "epoch/critic_loss": 28257.91157761097, "epoch/learning_episode_rewards": -30264.816365966795, "_timestamp": 1721073195.4240546, "_runtime": 433.44880867004395, "_step": 1031, "step/episode_rewards": -945925.7075195312, "epoch/episode_rewards": -945925.7075195312, "_wandb": {"runtime": 433}}