{"step": 673792, "epoch": 328, "step/actor_loss": 3200.8837890625, "step/critic_loss": 743363286.5078076, "step/learning_episode_rewards": -96209.00847290039, "epoch/actor_loss": 3200.8837890625, "epoch/critic_loss": 743363286.5078076, "epoch/learning_episode_rewards": -96209.00847290039, "_timestamp": 1721156708.5908375, "_runtime": 161.052104473114, "_step": 338, "step/episode_rewards": -2987193.239135742, "epoch/episode_rewards": -2987193.239135742, "_wandb": {"runtime": 160}}