{"step": 126976, "epoch": 61, "step/actor_loss": 1026.9814453125, "step/critic_loss": 568809692.325, "step/learning_episode_rewards": -33139.763259887695, "epoch/actor_loss": 1026.9814453125, "epoch/critic_loss": 568809692.325, "epoch/learning_episode_rewards": -33139.763259887695, "_timestamp": 1721248707.3228035, "_runtime": 35.62547445297241, "_step": 61, "_wandb": {"runtime": 35}}