{"step": 512, "epoch": 9, "step/loss": 0.1, "step/accuracy": 0.9, "epoch/loss": 0.1, "_timestamp": 1721068005.388016, "_runtime": 3.8283610343933105, "_step": 9, "_wandb": {"runtime": 3}}