{"step": 1118208, "epoch": 545, "step/actor_loss": 3613.66796875, "step/critic_loss": 379597148.3125, "step/learning_episode_rewards": -93449.37510986328, "epoch/actor_loss": 3613.66796875, "epoch/critic_loss": 379597148.3125, "epoch/learning_episode_rewards": -93449.37510986328, "_timestamp": 1721245805.7729197, "_runtime": 260.9776725769043, "_step": 553, "step/episode_rewards": -5558491.454589844, "epoch/episode_rewards": -5558491.454589844, "_wandb": {"runtime": 260}}