{"step": 204800, "epoch": 99, "step/actor_loss": 1720.991455078125, "step/critic_loss": 2327251816.9125, "step/learning_episode_rewards": -55304.55586242676, "epoch/actor_loss": 1720.991455078125, "epoch/critic_loss": 2327251816.9125, "epoch/learning_episode_rewards": -55304.55586242676, "_timestamp": 1721167245.283175, "_runtime": 52.22047305107117, "_step": 102, "step/episode_rewards": -1789067.7733764648, "epoch/episode_rewards": -1789067.7733764648, "_wandb": {"runtime": 51}}