{"step": 512, "epoch": 9, "loss": 0.1, "accuracy": 0.9, "_timestamp": 1721068086.855956, "_runtime": 3.850414991378784, "_step": 9, "_wandb": {"runtime": 3}}