{"step": 204800, "epoch": 99, "step/actor_loss": 1555.8548583984375, "step/critic_loss": 1620793715.071875, "step/learning_episode_rewards": -49971.50039367676, "epoch/actor_loss": 1555.8548583984375, "epoch/critic_loss": 1620793715.071875, "epoch/learning_episode_rewards": -49971.50039367676, "_timestamp": 1721168621.657091, "_runtime": 52.84190487861633, "_step": 102, "step/episode_rewards": -1529089.068359375, "epoch/episode_rewards": -1529089.068359375, "_wandb": {"runtime": 51}}