{"step": 2969600, "epoch": 1449, "step/actor_loss": 3845.373779296875, "step/critic_loss": 60394449.849121094, "step/learning_episode_rewards": -93663.2452758789, "epoch/actor_loss": 3845.373779296875, "epoch/critic_loss": 60394449.849121094, "epoch/learning_episode_rewards": -93663.2452758789, "_timestamp": 1721243970.4930596, "_runtime": 694.2263405323029, "_step": 1458, "step/episode_rewards": -14849476.567749023, "epoch/episode_rewards": -14849476.567749023}