{"step": 1019904, "epoch": 497, "step/actor_loss": 1873996.25, "step/critic_loss": 8539421805189596.0, "step/learning_episode_rewards": -60535499.39878784, "epoch/actor_loss": 1873996.25, "epoch/critic_loss": 8539421805189596.0, "epoch/learning_episode_rewards": -60535499.39878784, "_timestamp": 1721143161.4806533, "_runtime": 241.30068922042847, "_step": 512, "step/episode_rewards": -1873804131.463745, "epoch/episode_rewards": -1873804131.463745, "_wandb": {"runtime": 310}}