{"step": 2240, "epoch": 69, "step/actor_loss": 2291.390380859375, "step/critic_loss": 2838152253.6375, "step/learning_episode_rewards": -73983.03648986816, "epoch/actor_loss": 2291.390380859375, "epoch/critic_loss": 2838152253.6375, "epoch/learning_episode_rewards": -73983.03648986816, "_timestamp": 1721167169.9689143, "_runtime": 37.166879177093506, "_step": 71, "step/episode_rewards": -2150949.6175842285, "epoch/episode_rewards": -2150949.6175842285, "_wandb": {"runtime": 37}}