{"step": 69632, "epoch": 33, "step/actor_loss": 2589.673095703125, "step/critic_loss": 5639580762.117647, "step/learning_episode_rewards": -83703.17608283547, "epoch/actor_loss": 2589.673095703125, "epoch/critic_loss": 5639580762.117647, "epoch/learning_episode_rewards": -83703.17608283547, "_timestamp": 1721157200.4550161, "_runtime": 22.064656019210815, "_step": 34, "step/episode_rewards": -2588768.039916992, "epoch/episode_rewards": -2588768.039916992, "_wandb": {"runtime": 21}}