{"step": 16384, "epoch": 7, "step/actor_loss": 1022.885986328125, "step/critic_loss": 924237994.25, "step/learning_episode_rewards": -33062.72243499756, "epoch/actor_loss": 1022.885986328125, "epoch/critic_loss": 924237994.25, "epoch/learning_episode_rewards": -33062.72243499756, "_timestamp": 1721167741.9625049, "_runtime": 9.813362836837769, "_step": 7, "_wandb": {"runtime": 9}}