{"step": 512, "epoch": 9, "step/loss": 0.1, "step/accuracy": 0.9, "epoch/loss": 0.1, "_timestamp": 1721067972.465848, "_runtime": 13.796186923980713, "_step": 0, "_wandb": {"runtime": 13}}