{"step": 1259520, "epoch": 614, "step/actor_loss": 3863.059814453125, "step/critic_loss": 297811169.73898435, "step/learning_episode_rewards": -93889.55724853516, "epoch/actor_loss": 3863.059814453125, "epoch/critic_loss": 297811169.73898435, "epoch/learning_episode_rewards": -93889.55724853516, "_timestamp": 1721144965.8128927, "_runtime": 290.41508865356445, "_step": 633, "step/episode_rewards": -2949531.5776367188, "epoch/episode_rewards": -2949531.5776367188, "_wandb": {"runtime": 290}}