{"step": 1609728, "epoch": 785, "step/actor_loss": 16733.181640625, "step/critic_loss": 81107950824.51038, "step/learning_episode_rewards": -470175.57827148435, "epoch/actor_loss": 16733.181640625, "epoch/critic_loss": 81107950824.51038, "epoch/learning_episode_rewards": -470175.57827148435, "_timestamp": 1721080152.0327866, "_runtime": 350.49336862564087, "_step": 835, "step/episode_rewards": -7547447.0576171875, "epoch/episode_rewards": -7547447.0576171875}