{"step": 301056, "epoch": 146, "step/actor_loss": 2740.018798828125, "step/critic_loss": 4749933110.945, "step/learning_episode_rewards": -88096.44146362305, "epoch/actor_loss": 2740.018798828125, "epoch/critic_loss": 4749933110.945, "epoch/learning_episode_rewards": -88096.44146362305, "_timestamp": 1721157339.6157913, "_runtime": 73.73845839500427, "_step": 150, "step/episode_rewards": -2760594.811645508, "epoch/episode_rewards": -2760594.811645508, "_wandb": {"runtime": 73}}