{"step": 16867328, "epoch": 8235, "step/actor_loss": 3638.89501953125, "step/critic_loss": 109353587.50136718, "step/learning_episode_rewards": -88592.46442871094, "epoch/actor_loss": 3638.89501953125, "epoch/critic_loss": 109353587.50136718, "epoch/learning_episode_rewards": -88592.46442871094, "_timestamp": 1721252991.184436, "_runtime": 3803.5807631015778, "_step": 8366, "step/episode_rewards": -5179303.0173950195, "epoch/episode_rewards": -5179303.0173950195}