{"step": 354304, "epoch": 172, "step/actor_loss": 2989.94140625, "step/critic_loss": 2444722813.6, "step/learning_episode_rewards": -94801.62761230468, "epoch/actor_loss": 2989.94140625, "epoch/critic_loss": 2444722813.6, "epoch/learning_episode_rewards": -94801.62761230468, "_timestamp": 1721245521.3816066, "_runtime": 88.0251715183258, "_step": 174, "step/episode_rewards": -5724842.3447265625, "epoch/episode_rewards": -5724842.3447265625, "_wandb": {"runtime": 87}}